name,team,pos,yahoo,fantrax
Nikola Jokic,DEN,C,1.6,1.4
Victor Wembanyama,SA,C,1.8,1.7
Luka Doncic,LAL,PG SG,3.4,3.6
Shai Gilgeous-Alexander,OKC,PG,3.9,3.5
Cade Cunningham,DET,PG SG,6.0,5.6
Giannis Antetokounmpo,MIA,PF C,6.5,8.1
Anthony Edwards,MIN,PG SG,7.7,8.7
Jayson Tatum,BOS,SF PF,8.5,7.8
Jalen Johnson,ATL,SF PF,12.1,10.4
Tyrese Maxey,PHI,PG,9.7,9.5
Cooper Flagg,DAL,SG SF PF,10.3,10.7
Donovan Mitchell,CLE,PG SG,13.7,14.6
Scottie Barnes,TOR,SF PF C,15.0,12.1
Tyrese Haliburton,IND,PG SG,13.7,12.8
Kevin Durant,HOU,SG SF PF,15.9,16.4
Karl-Anthony Towns,NY,PF C,15.6,16.6
Alperen Sengün,HOU,PF C,18.5,20.3
Amen Thompson,HOU,PG SG,23.1,20.6
Jalen Brunson,NY,PG,21.3,31.2
Trae Young,WAS,PG,24.7,24.7
Josh Giddey,CHI,PG SG,23.1,26.0
Stephen Curry,GS,PG,23.1,20.6
Jamal Murray,DEN,PG,20.8,20.1
Devin Booker,PHO,PG SG,25.1,27.3
LaMelo Ball,MIN,PG,26.0,25.3
Domantas Sabonis,SAC,PF C,28.1,36.5
Austin Reaves,LAL,PG SG SF,23.6,22.2
Bam Adebayo,MIA,PF C,27.0,33.6
James Harden,CLE,PG SG,34.8,29.2
Kawhi Leonard,TOR,SG SF PF,33.8,29.0
Evan Mobley,CLE,PF C,29.5,30.0
Anthony Davis,WAS,PF C,42.7,28.5
Jaylen Brown,PHI,SG SF PF,29.8,43.0
Jalen Duren,DET,C,35.9,42.1
Deni Avdija,POR,SG SF PF,40.6,40.2
Jalen Williams,OKC,SF PF,40.2,38.0
Chet Holmgren,OKC,PF C,29.9,25.0
Derrick White,BOS,PG SG,44.9,36.2
Paolo Banchero,ORL,PF,35.5,46.8
Lauri Markkanen,UTA,SF PF,37.0,34.9
LeBron James,PHI,SF PF,37.4,55.0
Pascal Siakam,IND,PF C,50.1,54.9
Kon Knueppel,CHA,SG SF,49.2,49.3
Trey Murphy III,NO,SG SF,37.3,31.5
Desmond Bane,ORL,SG SF,53.0,49.3
Walker Kessler,LAL,C,41.7,36.6
Kyrie Irving,DAL,PG,50.5,49.8
Brandon Miller,CHA,SF PF,44.7,43.5
Darius Garland,LAC,PG,62.0,52.6
Stephon Castle,SA,PG SG,53.9,63.5
Nickeil Alexander-Walker,ATL,PG SG,61.1,53.1
Donovan Clingan,POR,C,42.9,49.2
Joel Embiid,PHI,C,50.3,58.3
Jaren Jackson Jr.,UTA,PF C,48.3,40.7
Dyson Daniels,ATL,SG SF,65.0,55.3
Michael Porter Jr.,BKN,SF PF,61.6,66.0
Franz Wagner,ORL,SF PF,51.9,60.7
Onyeka Okongwu,ATL,C,55.0,48.8
Keyonte George,UTA,PG SG,53.5,57.5
Dejounte Murray,NO,PG,67.9,53.3
Cameron Boozer,MEM,PF,55.3,59.4
Julius Randle,BKN,PF,68.7,67.0
Naz Reid,CHA,PF C,63.4,72.3
Tyler Herro,MIL,PG SG,68.8,64.0
Mikal Bridges,NY,SF PF,81.4,74.0
De'Aaron Fox,SA,PG,80.1,73.9
OG Anunoby,NY,SF PF,67.9,59.4
Matas Buzelis,CHI,SF PF,65.6,57.7
Zion Williamson,NO,PF C,67.5,81.9
Jarrett Allen,CLE,C,69.5,80.8
Damian Lillard,POR,PG,69.2,80.3
Ivica Zubac,IND,C,62.4,65.3
Rudy Gobert,MIN,C,73.7,69.5
Alexandre Sarr,WAS,C,69.9,68.8
Kel'el Ware,MIL,C,76.0,59.7
Brandon Ingram,LAC,SG SF PF,70.0,84.4
VJ Edgecombe,PHI,PG SG,74.6,84.5
Caleb Wilson,CHI,PF,79.5,91.9
Dylan Harper,SA,PG SG,81.6,87.6
AJ Dybantsa,WAS,SF,79.2,98.5
Ryan Rollins,MIL,PG SG,75.1,70.0
Ja Morant,POR,PG,89.3,84.8
Paul George,BOS,SF PF,80.9,74.0
Ausar Thompson,DET,SG SF PF,81.7,77.9
Payton Pritchard,BOS,PG,81.8,81.4
Norman Powell,CHI,SG SF,93.1,92.5
Jaden McDaniels,MIN,SF,91.8,78.4
Zach Edey,MEM,C,75.9,71.0
Coby White,CHA,PG SG,89.6,84.2
Derik Queen,NO,PF C,85.0,90.1
Immanuel Quickley,TOR,PG SG,96.1,83.9
Josh Hart,NY,SG SF,96.0,96.5
Ty Jerome,MEM,PG SG,112.5,90.6
Miles Bridges,PHO,PF,99.5,104.8
Jabari Smith Jr.,HOU,PF C,93.5,91.7
Nicolas Claxton,CHI,C,92.4,99.5
Myles Turner,MIL,C,101.8,88.9
CJ McCollum,ATL,PG SG,109.3,110.0
Cedric Coward,MEM,SG SF,86.5,106.2
Andrew Wiggins,MIA,SG SF PF,98.3,106.9
Darryn Peterson,UTA,SG,103.2,111.5
Jalen Green,PHO,SG SF,102.0,115.9
Brandin Podziemski,GS,PG SG,117.0,117.5
Kristaps Porzingis,GS,C,103.1,113.3
Day'Ron Sharpe,BKN,C,94.3,99.6
Isaiah Hartenstein,OKC,C,104.6,96.9
Fred VanVleet,HOU,PG,117.5,110.3
Jalen Suggs,ORL,PG SG,106.9,93.7
Ayo Dosunmu,MIN,PG SG,112.8,109.7
John Collins,DET,PF C,113.5,109.0
DeMar DeRozan,DEN,SF PF,107.4,133.2
Zach LaVine,SAC,PG SG SF,101.4,112.9
Darius Acuff Jr.,SAC,PG,108.7,130.6
Jusuf Nurkic,UTA,C,112.3,118.8
RJ Barrett,TOR,SG SF PF,112.3,122.7
Reed Sheppard,HOU,PG SG,120.8,121.7
Keegan Murray,SAC,SF PF,118.0,106.6
Kevin Porter Jr.,MIL,PG SG,119.1,116.8
Neemias Queta,BOS,C,116.7,104.5
Collin Murray-Boyles,TOR,PF C,113.1,105.2
Peyton Watson,CLE,SF PF,115.2,117.3
Jaime Jaquez Jr.,MIL,SG SF PF,112.4,125.0
Toumani Camara,POR,SF PF,112.0,114.0
Cason Wallace,OKC,PG SG SF,118.5,114.1
Ajay Mitchell,OKC,PG SG,117.5,116.4
Jakob Poeltl,TOR,C,121.9,124.5
Egor Demin,BKN,PG SG,118.2,128.0
Andrew Nembhard,IND,PG SG,115.0,134.4
Jeremiah Fears,NO,PG SG,119.6,134.7
Kyshawn George,WAS,SG SF PF,119.6,127.8
Aaron Gordon,DEN,PF C,111.2,139.9
Tari Eason,HOU,SG SF PF,116.0,141.3
Ace Bailey,UTA,SF PF,117.2,141.2
Saddiq Bey,NO,SF PF,119.8,132.9
Sandro Mamukelashvili,LAL,PF C,119.1,134.6
P.J. Washington,DAL,PF C,116.6,136.9
Maxime Raynaud,SAC,C,117.7,136.8
Anthony Black,ORL,PG SG SF,119.3,138.9
Collin Gillespie,PHO,PG SG,123.1,144.3
Devin Vassell,SA,SG SF,114.6,149.8
Paul Reed,DET,PF C,112.2,154.3
Yaxel Lendeborg,GS,PF,115.1,156.1
Mark Williams,PHO,C,109.2,157.3
Quentin Grimes,LAL,SG SF,120.7,158.7
Davion Mitchell,MIA,PG,118.1,152.3
Moussa Diabaté,CHA,C,114.7,158.4
Cameron Johnson,DEN,SF PF,114.0,160.6
Grayson Allen,CHA,SG SF,114.6,160.1
Jrue Holiday,POR,PG SG,115.4,166.3
Tre Jones,CHI,PG SG,115.9,160.5
Draymond Green,GS,PF C,107.4,171.7
Tobias Harris,SA,PF,112.4,181.0
Khaman Maluach,PHO,C,118.7,160.8
Caleb Love,PHI,PG SG,,
Isaiah Evans,MIN,SG,,
Bennett Stirtz,OKC,PG,,
Meleek Thomas,CLE,SG,,
Justin Edwards,PHI,SF PF,,
Dominick Barlow,PHI,PF C,,
Dean Wade,PHI,SF PF,,
Chris Cenac Jr.,BOS,PF,,
Jamaree Bouyea,PHO,PG,,
Christian Anderson,CHA,PG,,
Jayden Quaintance,SA,PF,,
KJ Simpson,DEN,PG SG,,
Drake Powell,BKN,PG SG,,
Noa Essengue,CHI,PF,,
Ben Saraf,BKN,SG,,
Chaz Lanier,DET,SG,,
Sion James,CHA,SG SF,,
Alijah Martin,TOR,PG SG,,
Micah Peavy,MEM,SF PF,,
Noah Penda,ORL,SF PF,,
Tyrese Proctor,CLE,PG SG,,
Jase Richardson,ORL,PG SG,,
Asa Newell,ATL,PF C,,
Will Richard,GS,SG SF,,
Daeqwon Plowden,SAC,SG SF,,
Pat Spencer,PHO,PG SG,,
Oscar Tshiebwe,HOU,PF C,,
Javonte Green,DET,SG SF,,
Nae'Qwan Tomlin,CLE,SF PF,,
Adou Thiero,LAL,SF PF,,
Johnny Furphy,IND,SG SF,,
DaRon Holmes II,DEN,PF C,,
Tidjane Salaün,CHA,PF C,,
Devin Carter,BOS,PG SG,,
Cam Christie,LAC,SG SF,,
Pacôme Dadiet,NY,SG SF,,
Joshua Jefferson,BKN,PF,,
Alex Karaban,SAC,SF,,
Zuby Ejiofor,ATL,PF,,
Karim Lopez,MEM,SF,,
Tarris Reed Jr.,SA,C,,
Bruce Thornton,HOU,PG,,
Trevon Brazile,DEN,PF,,
Baba Miller,LAC,PF,,
Ryan Conwell,MIA,SG,,
Emanuel Sharp,SAC,SG,,
Ryan Nembhard,CHA,PG,,
Myron Gardner,MIA,SG SF,,
Grant Williams,CHA,PF C,,
Jevon Carter,ORL,PG SG,,
Kenrich Williams,OKC,PF C,,
Jordan McLaughlin,SA,PG SG,,
Gary Trent Jr.,MIL,SG SF,,
Ron Harper Jr.,BOS,SF,,
John Konchar,NY,SG SF,,
Caleb Martin,DAL,SF PF,,
Dorian Finney-Smith,ATL,SF PF,,
Trey Lyles,MIN,PF,,
Kevon Looney,LAL,PF C,,
Tyus Jones,DEN,PG,,
DeAndre Jordan,NO,C,,
Jaden Hardy,LAL,PG SG SF,,
Bryce McGowens,NO,SG SF,,
Caleb Houstan,NO,SF,,
Jabari Walker,PHI,PF,,
Bones Hyland,MIN,PG SG,,
Moses Moody,GS,SG SF PF,,
Corey Kispert,ATL,SG SF,,
Micah Potter,POR,PF C,,
Jericho Sims,MIL,PF C,,
Jae'Sean Tate,HOU,SG SF PF,,
Josh Green,UTA,SG SF,,
Zeke Nnaji,DEN,PF C,,
Branden Carlson,POR,C,,
Jamison Battle,TOR,SF PF,,
Karlo Matkovic,NO,PF C,,
Andre Jackson Jr.,TOR,SG SF,,
Mouhamed Gueye,ATL,PF C,,
Tristan Vukcevic,WAS,C,,
Rayan Rupert,PHI,SG SF,,
Sidy Cissoko,POR,SF PF,,
Jordan Miller,LAC,SG SF,,
Cody Williams,MIN,SG SF,,
Rob Dillingham,CHI,PG SG,,
Dalton Knecht,LAL,SG SF,,
Jordan Hawkins,MEM,SG SF,,
Jaylen Clark,MIN,SG SF,,
Nikola Topic,OKC,PG,,
Cam Whitmore,DEN,SF PF,,
Marcus Sasser,DAL,PG,,
Ben Sheppard,IND,SG SF,,
Julian Strawther,DEN,SG SF,,
Josh Okogie,UTA,SG SF,,
Thomas Bryant,CLE,C,,
Bogdan Bogdanovic,HOU,PG SG SF,,
Taurean Prince,DET,SF PF,,
Buddy Hield,CHA,SG SF,,
Quenton Jackson,IND,PG SG,,
Patrick Williams,CHI,SF PF,,
Tre Mann,WAS,PG SG,,
Larry Nance Jr.,IND,PF C,,
Simone Fontecchio,MIA,SF PF,,
Jamal Cain,ORL,SG SF,,
Nikola Vucevic,ORL,C,113.5,189.7
Mitchell Robinson,BOS,C,108.3,177.2
Dillon Brooks,PHO,SF PF,113.5,180.4
Bennedict Mathurin,NO,SG SF,115.8,186.4
Wendell Carter Jr.,ORL,C,119.6,176.2
Scotty Pippen Jr.,MEM,PG,115.0,190.4
Jonathan Kuminga,MIN,SF PF,115.2,195.0
Christian Braun,DEN,SG SF PF,119.6,177.5
Mikel Brown Jr.,BKN,PG,117.7,179.7
Jimmy Butler III,GS,SF PF,115.9,201.3
Keaton Wagler,LAC,SG,115.4,204.6
Jerami Grant,MEM,SF PF,116.7,204.0
Brook Lopez,LAC,C,108.7,215.0
Bobby Portis,MIA,PF C,110.9,213.6
Rui Hachimura,LAC,SF PF,116.9,209.9
Julian Champagnie,SA,SF PF,111.1,220.2
Aaron Nesmith,IND,SG SF,111.4,199.2
Collin Sexton,LAL,PG SG,116.4,218.2
Daniel Gafford,DAL,C,123.4,208.6
Pelle Larsson,MIA,SG SF,,178.4
Jared McCain,OKC,PG SG,111.6,233.3
Joan Beringer,MIN,PF C,,182.2
Klay Thompson,MIA,SG SF,108.8,236.6
Aday Mara,OKC,C,108.4,238.8
Bronny James Jr.,LAL,PG SG,106.4,241.9
Alex Caruso,OKC,SG SF,108.4,240.0
Jordan Poole,NO,PG SG,110.5,239.5
Kyle Filipowski,UTA,PF C,114.8,214.8
Deandre Ayton,WAS,C,110.4,219.1
Isaiah Stewart,MEM,PF C,113.2,218.0
Yves Missi,NO,C,112.7,218.7
Kelly Oubre Jr.,IND,SF PF,111.5,224.8
Andre Drummond,NY,C,107.2,239.9
Shaedon Sharpe,POR,PG SG,,208.4
Anfernee Simons,PHI,PG SG,109.7,239.4
Al Horford,GS,PF C,107.7,242.5
Kyle Kuzma,MIL,SF PF,116.9,234.3
AJ Green,MIL,PG SG SF,110.0,242.4
Oso Ighodaro,PHO,C,,228.3
Gui Santos,GS,SF PF,,183.1
Jay Huff,IND,C,,229.0
Ben Simmons,SAC,PG,,230.4
Noah Clowney,BKN,PF C,,236.8
Keldon Johnson,SA,SF PF,,238.0
Daniss Jenkins,DET,PG SG,,239.3
Malik Monk,SAC,PG SG,,239.5
Yanic Konan Niederhauser,LAC,C,,241.5
Allen Graves,TOR,PF,,242.0
Adem Bona,PHI,C,,242.0
Charles Bassey,GS,C,,242.1
Jaylin Williams,OKC,PF C,,242.4
Dylan Cardwell,SAC,PF C,,242.3
Ousmane Dieng,MIL,SF PF,,242.4
Taylor Hendricks,MEM,PF C,,242.6
Steven Adams,HOU,C,,242.6
Terrence Shannon Jr.,MIN,SG SF,,242.7
Jarace Walker,IND,SF PF,,242.7
Hugo González,BOS,SG SF,,242.9
Will Riley,WAS,SF PF,,242.9
Cameron Carr,LAL,SG,,242.9
Luke Kornet,SA,C,,243.0
Labaron Philon Jr.,PHI,PG,,243.3
Gradey Dick,LAC,SG SF,,243.3
Jose Alvarado,NY,PG,,243.1
Gary Payton II,GS,SG SF,,243.2
Leonard Miller,CHI,SF PF,,243.3
Kobe Sanders,LAC,SG SF,,243.4
Nate Ament,MIL,SF,,243.4
Mike Conley,BOS,PG,,243.4
Javon Small,MEM,PG SG,,243.6
Moritz Wagner,BKN,C,,243.5
Dailyn Swain,CHI,SF,,243.5
Dru Smith,MIA,PG SG,,243.6
Koa Peat,PHO,PF,,243.6
Nikola Jovic,MIA,PF C,,243.7
Landry Shamet,NY,SG SF,,243.7
Tyler Kolek,NY,PG SG,,243.7
Jordan Clarkson,NY,SG SF,,243.7
Sergio de Larrea,DAL,PG,,243.7
Carter Bryant,SA,SF PF,,243.8
Svi Mykhailiuk,UTA,SG SF,,243.7
Jaxson Hayes,UTA,C,,243.7
Mohamed Diawara,NY,PF,,243.7
Zach Collins,CHI,C,,243.7
Jock Landale,ATL,C,,243.7
Jarred Vanderbilt,LAL,PF C,,243.8
Spencer Jones,DEN,SF PF,,243.8
Josh Minott,BKN,SF PF,,243.8
Craig Porter Jr.,CLE,PG SG,,243.8
Isaac Okoro,CHI,SG SF,,243.7
Kyle Anderson,TOR,SF PF,,243.8
Goga Bitadze,ORL,C,,243.9
Rasheer Fleming,PHO,PF C,,244.0
Kentavious Caldwell-Pope,PHI,SG SF,,244.0
Justin Champagnie,WAS,SF PF,,243.9
Moussa Cisse,DAL,C,,244.0
Jordan Goodwin,PHO,PG SG,,244.0
Yang Hansen,POR,C,,244.0
Luka Garza,BOS,C,,244.0
Quinten Post,MEM,C,,244.1
Olivier-Maxence Prosper,MEM,SF PF C,,244.0
Herbert Jones,NO,SG SF,,197.6
Bilal Coulibaly,WAS,SG SF,,206.4
Morez Johnson Jr.,DAL,PF,,207.7
Dereck Lively II,DAL,C,,215.7
De'Anthony Melton,GS,PG SG,,223.2
Cam Spencer,MEM,PG SG,,223.4
Scoot Henderson,POR,PG,,223.7
Isaiah Jackson,LAC,C,,223.8
Nique Clifford,SAC,SG SF,,224.7
Naji Marshall,DAL,SG SF PF,,226.0
Hannes Steinbach,CHA,PF,,229.6
Santi Aldama,DAL,PF,,229.9
Brayden Burries,MIL,SG,,232.1
Jaylon Tyson,CLE,SG SF PF,,232.6
Keon Ellis,BKN,SG SF,,233.1
Max Christie,DAL,SG SF,,233.8
Robert Williams III,POR,C,,233.9
Max Strus,LAC,SF PF,,234.8
Zaccharie Risacher,DAL,SF PF,,235.7
Duncan Robinson,DET,SG SF,,236.1
Isaiah Collier,UTA,PG SG,,236.1
Jalen Smith,CHI,PF C,,236.5
De'Andre Hunter,SAC,SF PF,,236.6
Ryan Kalkbrenner,CHA,C,,236.9
Isaiah Joe,DET,SG SF,,237.3
Jaylen Wells,MEM,SG SF,,238.6
Jake LaRavia,LAL,SF PF,,238.8
Sam Merrill,CLE,SG SF,,239.0
Bradley Beal,LAC,SG SF,,239.1
Ja'Kobe Walter,TOR,PG SG,,239.4
Tim Hardaway Jr.,MIA,SG SF,,239.7
Precious Achiuwa,SAC,PF C,,239.9
Aaron Wiggins,ATL,SG SF,,240.0
Kingston Flemings,ATL,PG,,240.0
Marcus Smart,HOU,PG SG,,240.1
Dennis Schröder,CHA,PG SG,,240.6
Ron Holland II,DET,SF PF,,240.8
Kris Dunn,LAC,PG SG,,241.2
Bub Carrington,WAS,PG SG,,241.4
Tre Johnson,WAS,PG SG SF,,241.4
Derrick Jones Jr.,LAC,SF PF,,241.7
T.J. McConnell,IND,PG,,241.7
Matisse Thybulle,LAL,SG SF,,241.7
Luguentz Dort,ATL,SG SF,,241.8
Obi Toppin,IND,SF PF,,241.8
Danny Wolf,BKN,PF C,,241.9
GG Jackson II,MEM,SF PF C,,241.9
Jamal Shead,TOR,PG,,242.3
Brice Sensabaugh,UTA,SG SF PF,,242.3
Royce O'Neale,CHA,SF PF,,242.6
Miles McBride,NY,PG SG,,242.6
Walter Clayton Jr.,MEM,PG SG,,242.9
Sam Hauser,BOS,SF PF,,242.9
Baylor Scheierman,BOS,SG SF,,243.3
Luke Kennard,PHO,SG SF,,243.5
Ziaire Williams,LAL,SG SF,,243.6
Marvin Bagley III,DEN,PF C,,243.6
Tristan da Silva,ORL,SF PF,,243.6
Kasparas Jakucionis,MIL,PG SG,,243.8
Harrison Barnes,SA,PF,,243.8
Nolan Traoré,BKN,PG,,243.9
Khris Middleton,WAS,SF PF,,243.9
