name,team,pos,yahoo
Victor Wembanyama,SAS,C,1.6
Nikola Jokić,DEN,C,1.9
Luka Dončić,LAL,"PG,SG",3.5
Shai Gilgeous-Alexander,OKC,PG,4
Cade Cunningham,DET,"PG,SG",6
Giannis Antetokounmpo,MIA,"PF,C",7.7
Anthony Edwards,MIN,"PG,SG",7.9
Tyrese Maxey,PHI,PG,8.7
Jayson Tatum,BOS,"SF,PF",9.4
Cooper Flagg,DAL,"SG,SF,PF",10.2
Jalen Johnson,ATL,"SF,PF",11.7
Donovan Mitchell,CLE,"PG,SG",13.5
Scottie Barnes,TOR,"SF,PF,C",14.3
Karl-Anthony Towns,NYK,"PF,C",15.2
Tyrese Haliburton,IND,"PG,SG",15.9
Kevin Durant,HOU,"SG,SF,PF",16.7
Alperen Şengün,HOU,"PF,C",18.7
Jamal Murray,DEN,PG,20.6
Jalen Brunson,NYK,PG,21.5
Austin Reaves,LAL,"PG,SG,SF",22.6
Josh Giddey,CHI,"PG,SG",23.4
Amen Thompson,HOU,"PG,SG",23.6
Stephen Curry,GSW,PG,23.6
Domantas Sabonis,SAC,"PF,C",25.9
LaMelo Ball,MIN,PG,26.2
Devin Booker,PHX,"PG,SG",26.4
Trae Young,WAS,PG,26.6
Jaylen Brown,PHI,"SG,SF,PF",27.1
Chet Holmgren,OKC,"PF,C",28.2
Kawhi Leonard,TOR,"SG,SF,PF",30
Evan Mobley,CLE,"PF,C",30.1
Bam Adebayo,MIA,"PF,C",30.3
Paolo Banchero,ORL,PF,34.4
James Harden,CLE,"PG,SG",34.6
Jalen Duren,DET,C,36.2
LeBron James,PHI,"SF,PF",37.6
Lauri Markkanen,UTA,"SF,PF",38.1
Walker Kessler,LAL,C,38.6
Deni Avdija,POR,"SG,SF,PF",40
Trey Murphy III,NOP,"SG,SF",40.3
Anthony Davis,WAS,"PF,C",41.7
Kon Knueppel,CHA,"SG,SF",41.7
Jalen Williams,OKC,"SF,PF",42
Donovan Clingan,POR,C,42
Brandon Miller,CHA,"SF,PF",46.5
Derrick White,BOS,"PG,SG",47.1
Pascal Siakam,IND,"PF,C",49.5
Jaren Jackson Jr.,UTA,"PF,C",50.1
Joel Embiid,PHI,C,50.9
Kyrie Irving,DAL,PG,52.1
Desmond Bane,ORL,"SG,SF",52.7
Franz Wagner,ORL,"SF,PF",52.8
Stephon Castle,SAS,"PG,SG",54
Onyeka Okongwu,ATL,C,54.9
Keyonte George,UTA,"PG,SG",56.6
Cameron Boozer,MEM,PF,57.2
Michael Porter Jr.,BKN,"SF,PF",59
Nickeil Alexander-Walker,ATL,"PG,SG",59.8
Naz Reid,CHA,"PF,C",62.2
Brandon Ingram,LAC,"SG,SF,PF",62.5
Dyson Daniels,ATL,"SG,SF",63.4
Matas Buzelis,CHI,"SF,PF",64.4
Ivica Zubac,IND,C,64.7
Darius Garland,LAC,PG,66.1
Damian Lillard,POR,PG,66.4
OG Anunoby,NYK,"SF,PF",66.8
Julius Randle,BKN,PF,68.7
Zion Williamson,NOP,"PF,C",69.2
Tyler Herro,MIL,"PG,SG",69.3
Jarrett Allen,CLE,C,69.6
Dejounte Murray,NOP,PG,72.3
Alex Sarr,WAS,C,72.3
Rudy Gobert,MIN,C,72.4
VJ Edgecombe,PHI,"PG,SG",73.7
Kel'el Ware,MIL,C,74
Zach Edey,MEM,C,74.8
Ryan Rollins,MIL,"PG,SG",78.5
AJ Dybantsa,WAS,SF,78.8
Caleb Wilson,CHI,PF,79.4
Mikal Bridges,NYK,"SF,PF",79.6
Payton Pritchard,BOS,PG,79.9
De'Aaron Fox,SAS,PG,80
Paul George,BOS,"SF,PF",80.1
Derik Queen,NOP,"PF,C",81.4
Dylan Harper,SAS,"PG,SG",84.4
Cedric Coward,MEM,"SG,SF",87.6
Ausar Thompson,DET,"SG,SF,PF",88.4
Coby White,CHA,"PG,SG",88.8
Nic Claxton,CHI,C,89.6
Jaden McDaniels,MIN,SF,90.1
Norman Powell,CHI,"SG,SF",92.1
Ja Morant,POR,PG,92.6
Jabari Smith Jr.,HOU,"PF,C",93.6
Day'Ron Sharpe,BKN,C,94.5
Josh Hart,NYK,"SG,SF",95.9
Immanuel Quickley,TOR,"PG,SG",96.8
Miles Bridges,PHX,PF,98.1
Kristaps Porziņģis,GSW,C,98.3
Bronny James,LAL,"PG,SG",99.1
Andrew Wiggins,MIA,"SG,SF,PF",99.9
Myles Turner,MIL,C,100.4
Darryn Peterson,UTA,SG,101.4
Jalen Green,PHX,"SG,SF",102.4
Zach LaVine,SAC,"PG,SG,SF",102.8
Luke Kennard,PHX,"SG,SF",104.1
Al Horford,GSW,"PF,C",104.2
AJ Green,MIL,"PG,SG,SF",104.2
Adem Bona,PHI,C,104.6
Isaiah Hartenstein,OKC,C,105.7
Alex Caruso,OKC,"SG,SF",105.7
Andre Drummond,NYK,C,105.9
Klay Thompson,MIA,"SG,SF",106.6
Draymond Green,GSW,"PF,C",106.7
Brook Lopez,LAC,C,106.7
Mitchell Robinson,BOS,C,107.3
Aday Mara,OKC,C,107.5
Rui Hachimura,LAC,"SF,PF",107.7
Daniel Gafford,DAL,C,107.9
CJ McCollum,ATL,"PG,SG",108.2
Jaime Jaquez Jr.,MIL,"SG,SF,PF",108.6
Mark Williams,PHX,C,108.6
Duncan Robinson,DET,"SG,SF",108.8
Toumani Camara,POR,"SF,PF",109.3
Aaron Wiggins,ATL,"SG,SF",109.5
Anfernee Simons,PHI,"PG,SG",109.6
Darius Acuff Jr.,SAC,PG,109.9
Aaron Nesmith,IND,"SG,SF",110.1
Julian Champagnie,SAS,"SF,PF",110.3
Jalen Suggs,ORL,"PG,SG",110.9
RJ Barrett,TOR,"SG,SF,PF",112
Bobby Portis Jr.,MIA,"PF,C",112
Isaiah Stewart,MEM,"PF,C",112.1
Jordan Poole,NOP,"PG,SG",112.1
Aaron Gordon,DEN,"PF,C",112.3
Jusuf Nurkić,UTA,C,112.4
Ty Jerome,MEM,"PG,SG",112.8
Jared McCain,OKC,"PG,SG",113.3
Andrew Nembhard,IND,"PG,SG",113.6
Moussa Diabaté,CHA,C,113.7
Deandre Ayton,WAS,C,113.7
Paul Reed,DET,"PF,C",113.9
Tobias Harris,SAS,PF,113.9
Kyle Filipowski,UTA,"PF,C",113.9
Jonathan Kuminga,MIN,"SF,PF",113.9
Nikola Vučević,ORL,C,114
Wendell Carter Jr.,ORL,C,114.1
Dillon Brooks,PHX,"SF,PF",114.5
Grayson Allen,CHA,"SG,SF",115.1
Kelly Oubre Jr.,IND,"SF,PF",115.2
Peyton Watson,CLE,"SF,PF",115.3
Ayo Dosunmu,MIN,"PG,SG",115.4
DeMar DeRozan,DEN,"SF,PF",115.4
Collin Murray-Boyles,TOR,"PF,C",115.8
Devin Vassell,SAS,"SG,SF",115.9
John Collins,DET,"PF,C",116.2
Yaxel Lendeborg,GSW,PF,116.2
Morez Johnson Jr.,DAL,PF,116.2
P.J. Washington,DAL,"PF,C",116.3
Jimmy Butler III,GSW,"SF,PF",116.4
Neemias Queta,BOS,C,116.7
Jrue Holiday,POR,"PG,SG",116.7
Bennedict Mathurin,NOP,"SG,SF",117.1
Ajay Mitchell,OKC,"PG,SG",117.2
Brandin Podziemski,GSW,"PG,SG",117.3
Kyle Kuzma,MIL,"SF,PF",117.5
Mikel Brown Jr.,BKN,PG,117.7
Ace Bailey,UTA,"SF,PF",117.8
Tari Eason,HOU,"SG,SF,PF",117.9
Davion Mitchell,MIA,PG,118
Maxime Raynaud,SAC,C,118
Tre Jones,CHI,"PG,SG",118.1
Cason Wallace,OKC,"PG,SG,SF",118.2
Jeremiah Fears,NOP,"PG,SG",118.2
Collin Sexton,LAL,"PG,SG",118.4
Jerami Grant,MEM,"SF,PF",118.4
Keaton Wagler,LAC,SG,118.4
Kyshawn George,WAS,"SG,SF,PF",118.5
Anthony Black,ORL,"PG,SG,SF",118.6
Fred VanVleet,HOU,PG,118.7
Khaman Maluach,PHX,C,119.2
Collin Gillespie,PHX,"PG,SG",119.2
Christian Braun,DEN,"SG,SF,PF",119.5
Egor Dëmin,BKN,"PG,SG",119.5
Kevin Porter Jr.,MIL,"PG,SG",119.8
Saddiq Bey,NOP,"SF,PF",119.8
Quentin Grimes,LAL,"SG,SF",120.2
Sandro Mamukelashvili,LAL,"PF,C",120.5
Keegan Murray,SAC,"SF,PF",120.5
Jakob Poeltl,TOR,C,121.3
Reed Sheppard,HOU,"PG,SG",121.4
Herbert Jones,NOP,"SG,SF",
Daniss Jenkins,DET,"PG,SG",
Yves Missi,NOP,C,
Sam Hauser,BOS,"SF,PF",
Scoot Henderson,POR,PG,
Oso Ighodaro,PHX,C,
Cameron Johnson,DEN,"SF,PF",
Santi Aldama,DAL,PF,
Dereck Lively II,DAL,C,
De'Andre Hunter,SAC,"SF,PF",
Max Strus,LAC,"SF,PF",
Jaylen Wells,MEM,"SG,SF",
Brayden Burries,MIL,SG,
De'Anthony Melton,GSW,"PG,SG",
Bilal Coulibaly,WAS,"SG,SF",
Scotty Pippen Jr.,MEM,PG,
Cam Whitmore,DEN,"SF,PF",
Obi Toppin,IND,"SF,PF",
Miles McBride,NYK,"PG,SG",
Luguentz Dort,ATL,"SG,SF",
T.J. McConnell,IND,PG,
Keldon Johnson,SAS,"SF,PF",
Jalen Smith,CHI,"PF,C",
Royce O'Neale,CHA,"SF,PF",
Isaiah Joe,DET,"SG,SF",
Robert Williams III,POR,C,
Keon Ellis,BKN,"SG,SF",
Malik Monk,SAC,"PG,SG",
Jay Huff,IND,C,
Naji Marshall,DAL,"SG,SF,PF",
Kris Dunn,LAC,"PG,SG",
Max Christie,DAL,"SG,SF",
Shaedon Sharpe,POR,"PG,SG",
Ryan Kalkbrenner,CHA,C,
Derrick Jones Jr.,LAC,"SF,PF",
Donte DiVincenzo,MIN,"SG,SF",
Noah Clowney,BKN,"PF,C",
Luke Kornet,SAS,C,
Tristan da Silva,ORL,"SF,PF",
Tim Hardaway Jr.,MIA,"SG,SF",
Tre Johnson,WAS,"PG,SG,SF",
Jake LaRavia,LAL,"SF,PF",
Dylan Cardwell,SAC,"PF,C",
Jaxson Hayes,UTA,C,
Zaccharie Risacher,DAL,"SF,PF",
Ronald Holland II,DET,"SF,PF",
Kevin Huerter,DET,"SG,SF",
Sam Merrill,CLE,"SG,SF",
Tony Bradley,ATL,C,
Isaiah Jackson,LAC,C,
